[ { "addmarker" : "Add",
    "addmarkerlisthidden" : "",
	"locationaddmarkerinput" : "Enter marker destination address or latitude,longitude here (required)",
	"bubbletextaddmarkerinput" : "Enter marker info bubble text here (optional)",
    "addmarkermashupbubble" : "false",
    "addmarkermashuphidden" : "false",
    "enablegeolocationmarkerhidden" : "false",
	"addresscontent" : "",
    "bubbleautopan" : "true",
    "directionhint" : "false",
	"poweredby" : "false",
    "height" : "250",
    "enablemarkerclusteringhidden" : "false",
    "styles" : "",
    "kml" : "",
    "language" : "default",
    "latitude" : "",
    "longitude" : "",
    "m_aptypecontrol" : "true",
    "mapalign" : "center",
    "maptype" : "ROADMAP",
    "markerdirections" : "true",
    "pancontrol" : "true",
    "panoramiouid" : "",
    "scalecontrol" : "true",
    "scrollwheelcontrol" : "false",
    "showbike" : "false",
    "showmarker" : "true",
    "showpanoramio" : "false",
    "showtraffic" : "false",
    "distanceunits" : "miles",
    "streetviewcontrol" : "true",
	"tiltfourtyfive" : "false",
    "title" : "",
    "width" : "250",
    "z_oomcontrol" : "true",
    "zoom" : "7"
  } ]
